이용호,진상봉
박성기,박진석,송인호,정학원
임창식
지화선,이재만
조연제,김주성,최호원,최찬욱,유진우,배훈

이정길,최정환,최재호,정석,최광훈,지승준,윤현식,신주일
박만채,변대수,전승남,이동철
방수환,이복연,손용수,정주용,김주용,이병수,윤호석,한상훈,문정환,오세학,최부락,변인재,김민주,유석호,유광일,노은성,박세훈,천재영,홍석룡,조은진,김대남,유병목,서재환,윤지환,박성창,석경일,임근민,최동연,구판진,최근혁
이성훈,류찬,박기범,장일현,장성진,조재영,강희성,이승준,신동건,전경일,신동민,김경진,허연철,김기환,주재필,김성균
김성호,전하성,박진환,김성태,정진용,안용휘,박정현
김주철,조형식,유영민,신경석,여승현,황명성,서창호,최성현,김용영,박정근,이윤호,원정빈,김제빈,김정환,배광진,이철기,정한상,이화준,김요한,양성모,임창섭,손승현,곽국희,이용승,최대곤,권소용,이범석,육현수,김장준,임성민,박재민,차정민
김광희,유혜정,박창근,곽철병,김현수,박종섭,정구연,홍찬영,장준영,김주형,소중형,박두일,송혁,이민택,최주녕,박상중,강경희,민경재,박훈범,조용원,이태호,유희상,손명래,박정현
장순천,류상문,김주호,노환수,김문수,심장용,이경민,최건호,박찬혁,박성덕,박민철,남상준,최재익,김동훈,김영진,이장환,윤성길,양승아,강승훈,김성대,이인철,조권성,유왕식,권영석
이원희,강창주,이경민,권희석,구인환,김종성,장찬,최현종,김수훈,박상진,박강우,김선일,우원식
손상정,최훈락,김동규,백자룡,김동영,이기남,최준원,백정훈,원태진,김기남,박병일,김동현,이윤호,서남석,조용섭,홍성수
김정환,윤동건,박성남,송영찬,장준환,장병탁,김준무,유상우,고관성,황동채,임기범,박영주,김남영,변강득,박상흠,박경진,홍병오,김현준,이진혁,이성준,현철민,이정신,홍유택,김동진
김상걸,나현수,김유선,이웅한,김태식,추승민,박세진,위대한,조성원,김경택,한윤기,박종선,유정민,이중훈,서정,이정민,김상준,손재윤,이병용,김용진,조영민,박윤식,경정수,정윤혁,전준수,문준용,이종훈
황건주,김경모,조성우,박상신,심세준,윤요한,임경남
오수호,손정훈,민경수,배상현,서성민,김상록,유승룡,유휘봉,곽동성,최천수,민정후,임경모
홍재영,이현준,유경국,정민우,김근호,이제우,김동빈,안성필,황성웅,이규대,김문홍,임성학,이정훈,길태곤,최우정,김선민
천상웅,이영기,백세웅,박병우,양동운,임신호,이지혁,이정호,박기철,조원태,박세준,이경록,박태원,박건우,이준명,정우양,백왕중
김웅,김지훈,이동훈,전은석,유정민,박민정,한겸,김병근,윤정현,신용승,공민호,노승현,윤승렬
이경재,김강래,김정수,정혁진,박재근,박효일,신명수,안진근,류효용,이상호,백남원,천영웅,권시훈,송주영,홍성은,박찬,이석현,채우석,고동현,최준식,곽병선,박민성,김동영,계정웅,윤민섭
박상옥,박제윤,이승헌,배진선,신원재,진재혁,이용하,구준범,김광영,오세민,송현우,박진두,권태양,이재림,최원준,마상우,문진제,정선호,류현철,이상준,문지훈,김성민,양효석,문진제,문성록
김영한,허웅,임석현,박세웅,석지형,정규식,방건우,박준범,유상화,최민구,신동민,김훈호,조학진,이재관,고봉찬,윤보성,박정우,김선균,임혜동,정진철,윤영수,박태원,김정호,이정현,홍준표,신민기,정인석,류현동,이성복,손준영,백찬이,배진호,박두현
안현석,안정훈,권용우,최민섭,임도혁,홍성호,김성택,염진우,정덕현,장현우,김찬균,신창희,김준현,김성현,강승훈,양구렬,노유성,방윤준,이승우,이찬기,김응수,이병훈,오석,최재혁,안준모
김태현,김병현,이창율,최규보,지윤,한승훈,김성협,원혁재,김표승,김영중,문상인,박부성,홍지훈,송후섭,여인태,이정범,정윤호,이재용,최종현,이지원,김용인,김지훈,권법수,문용익,신경모,김종환,박정우,박진수,이재록,김민수,김태수,백민규,김민섭,김광수,이재욱,최승주,김기탁,김두환,김호민,곽경문,박찬범,한기원,김태형,최민국,정윤환,이주형,정영광,강병무,조현덕,전태준,이성욱,송창현,정성훈,정영광,김진영,김용인,김성협,여인태,원혁재,정윤호,이재록,김민섭,이재용,문용익,김태형,지윤,권법수,이정범,김종환,이원준,최승주,백민규,김두환,강찬영,김병현,안치영,신경모,김태수,조현덕,이창율,곽경문,한승훈,한기원,김태현,김기탁,이성욱,홍지훈,강병무,문상인,이재욱,최규보,송후섭,김호민,김영중,전태준,박진수,이주형,박창빈,최민국,정윤환
이승관,정철원,박재영,김도규,유호식,이원빈,최현준,이태훈,김동우,조선명,윤강찬,김현,임지훈,전경원,윤희영,이강욱,배창현,이호연,이성원,이채호,김의준,공수빈,이승민,백선기,박용민,김민기,최경태,송찬의,조병규,최보성,박주현,박지호,양경민,강동권,문장은,이나현,이재승,신현수,이창엽,서주원,정문근,이희재,윤중현,최우혁,조재건,조대현,맹성주,장두성,박희주,정동욱,송찬의
전창민,홍원빈,이정훈,강민성,정이황,문보경,최재성,최재익,이태규,이병헌,이재민,오상민,남호,김범준,박영완,강민성,박준형,하준수,김동규,정현욱,박수용,서장민,김민석,조범준,김성진,서상준,최현준,김민수,고성민,이해승,김신회,임준형,박지한,오영욱,김창용,박준호,허관회,정현민,이지강,전진우,김민수,전형근,이호현,지강혁,김연준,최륜기,노시훈,추종민,나용기
이주엽,김태경,홍민기,남지민,전의산,박시원,이주형,박재민,신준우,안인산,오규석,윤준혁,강민,정도웅,유지성,강태경,유영찬,황성빈,박주혁,김양수,박관진,장웅정,이재성,한건희,서경찬,하영진,엄태호,조경원,장재혁,류효승,김한별,한지용,함창건,김건우,정진수,백현종,정재원,최이경,김성민,길지석,한재환,문상준,한지운,신동수,강민수,김동은,김교람,이종준,여도건,이정우,김현종,한연욱,이인한,박동혁,김범준,최종인,노상혁,최지효,박찬호,신학진,김경민,최용준,김동욱,김승일,이주엽,김태경
